"institute","external","slxid","flowcellid","lane","description","platform","runtype","cycles","billable","yield","q30","acceptancedate","sequencingdate","publishingdate","billindate","turnaroundtime"
"CRUK Cambridge Institute","False","SLX-11792","000000000-AR1RE","Lane1","SLX-11792.000000000-AR1RE.s_1","Miseq","MiSeq_UpTo600","300","Bill","23","92.2","2016-07-04","2016-07-07","2016-07-08","2016-07-08","3 days 19:48:01.405"
"Cancer Molecular Diagnostics Laboratory","True","SLX-10652","000000000-AR58F","Lane1","SLX-10652.000000000-AR58F.s_1","Miseq","MiSeq_UpTo600","300","Bill","26","91.2","2016-07-18","2016-07-20","2016-07-20","2016-07-22","2 days 05:55:23.332"
"CRUK Cambridge Institute","False","SLX-11795","000000000-ARG8W","Lane1","SLX-11795.000000000-ARG8W.s_1","Miseq","MiSeq_UpTo600","300","Bill","29","84.4","2016-07-04","2016-07-13","2016-07-15","2016-07-15","10 days 17:40:34.911"
"CRUK Cambridge Institute","False","SLX-11794","000000000-ARGCB","Lane1","SLX-11794.000000000-ARGCB.s_1","Miseq","MiSeq_UpTo600","300","Bill","25","95.4","2016-07-04","2016-07-07","2016-07-08","2016-07-08","3 days 19:53:34.593"
"CRUK Cambridge Institute","False","SLX-12150","000000000-ARKTV","Lane1","SLX-12150.000000000-ARKTV.s_1","Miseq","MiSeq_UpTo150","100","Bill","25","95.7","2016-06-28","2016-06-29","2016-06-29","2016-07-01","19:54:51.096"
"CRUK Cambridge Institute","False","SLX-12148","000000000-ARU1B","Lane1","SLX-12148.000000000-ARU1B.s_1","Miseq","MiSeq_UpTo150","100","Bill","26","95.6","2016-06-30","2016-07-01","2016-07-01","2016-07-01","19:49:57.126"
"Stem Cell Institute","True","SLX-12163","000000000-ARYPP","Lane1","SLX-12163.000000000-ARYPP.s_1","Miseq","MiSeq_UpTo150","150","Bill","24","97.8","2016-07-04","2016-07-06","2016-07-08","2016-07-08","3 days 18:54:31.159"
"CRUK Cambridge Institute","False","SLX-11241","000000000-AT07E","Lane1","SLX-11241.000000000-AT07E.s_1","Miseq","MiSeq_UpTo150","150","Bill","17","98.4","2016-07-14","2016-07-21","2016-07-22","2016-07-22","8 days 06:15:28.778"
"CRUK Cambridge Institute","False","SLX-11340","000000000-AU46B","Lane1","SLX-11340.000000000-AU46B.s_1","Miseq","MiSeq_UpTo150","150","Bill","21","95.3","2016-07-11","2016-07-12","2016-07-12","2016-07-12","21:44:43.645"
"University of Cambridge Department of Haematology","True","SLX-11597","000000000-AU498","Lane1","SLX-11597.000000000-AU498.s_1","Miseq","MiSeq_UpTo600","600","Bill","27","82.7","2016-06-29","2016-07-03","2016-07-04","2016-07-05","5 days 00:32:44.565"
"CRUK Cambridge Institute","False","SLX-11921","000000000-AUCFW","Lane1","SLX-11921.000000000-AUCFW.s_1","Miseq","MiSeq_UpTo600","600","Bill","19","86.1","2016-07-22","2016-07-28","2016-07-29","2016-07-29","6 days 18:01:40.042"
"Stem Cell Institute","True","SLX-10876","C93G6ANXX","Lane1","SLX-10876.C93G6ANXX.s_1","Hiseq 2500","HiSeq_PE125","250","Bill","231","86.4","2016-06-27","2016-07-18","2016-07-20","2016-07-22","23 days 04:57:19.595"
"Stem Cell Institute","True","SLX-10881","C93G6ANXX","Lane2","SLX-10881.C93G6ANXX.s_2","Hiseq 2500","HiSeq_PE125","250","Bill","235","89.3","2016-06-21","2016-07-18","2016-07-20","2016-07-22","29 days 03:44:59.317"
"Single Cell","True","SLX-11134","C93G6ANXX","Lane3","SLX-11134.C93G6ANXX.s_3","Hiseq 2500","HiSeq_PE125","250","Bill","164","79.3","2016-06-28","2016-07-18","2016-07-20","2016-07-22","21 days 23:25:23.184"
"CRUK Cambridge Institute","False","SLX-11242","C93G6ANXX","Lane4","SLX-11242.C93G6ANXX.s_4","Hiseq 2500","HiSeq_PE125","250","Bill","225","95.7","2016-05-05","2016-07-18","2016-07-20","2016-07-22","76 days 00:14:05.229"
"CRUK Cambridge Institute","False","SLX-11974","C93G6ANXX","Lane6","SLX-11974.C93G6ANXX.s_6","Hiseq 2500","HiSeq_PE125","250","Bill","214","96.4","2016-06-22","2016-07-18","2016-07-20","2016-07-22","28 days 03:52:32.904"
"CRUK Cambridge Institute","False","SLX-11979","C93G6ANXX","Lane7","SLX-11979.C93G6ANXX.s_7","Hiseq 2500","HiSeq_PE125","250","Bill","212","96.2","2016-06-22","2016-07-18","2016-07-20","2016-07-22","28 days 03:52:32.904"
"CRUK Cambridge Institute","False","SLX-11979","C93G6ANXX","Lane8","SLX-11979.C93G6ANXX.s_8","Hiseq 2500","HiSeq_PE125","250","Bill","208","96.6","2016-06-22","2016-07-18","2016-07-20","2016-07-22","28 days 03:52:32.904"
"CRUK Cambridge Institute","False","SLX-12063","C93GDANXX","Lane3","SLX-12063.C93GDANXX.s_3","Hiseq 2500","HiSeq_PE125","250","Bill","220","95.7","2016-05-23","2016-07-11","2016-07-12","2016-07-12","49 days 22:34:18.387"
"CRUK Cambridge Institute","False","SLX-12063","C93GDANXX","Lane4","SLX-12063.C93GDANXX.s_4","Hiseq 2500","HiSeq_PE125","250","Bill","221","95.7","2016-05-23","2016-07-11","2016-07-12","2016-07-12","49 days 22:34:18.387"
"CRUK Cambridge Institute","False","SLX-12063","C93GDANXX","Lane5","SLX-12063.C93GDANXX.s_5","Hiseq 2500","HiSeq_PE125","250","Bill","221","95.7","2016-05-23","2016-07-11","2016-07-12","2016-07-12","49 days 22:34:18.387"
"CRUK Cambridge Institute","False","SLX-12063","C93GDANXX","Lane6","SLX-12063.C93GDANXX.s_6","Hiseq 2500","HiSeq_PE125","250","Bill","224","94.8","2016-05-23","2016-07-11","2016-07-12","2016-07-12","49 days 22:34:18.387"
"CRUK Cambridge Institute","False","SLX-12063","C93GDANXX","Lane7","SLX-12063.C93GDANXX.s_7","Hiseq 2500","HiSeq_PE125","250","Bill","218","95.5","2016-05-23","2016-07-11","2016-07-12","2016-07-12","49 days 22:34:18.387"
"CRUK Cambridge Institute","False","SLX-12063","C93GDANXX","Lane8","SLX-12063.C93GDANXX.s_8","Hiseq 2500","HiSeq_PE125","250","Bill","214","95.7","2016-05-23","2016-07-11","2016-07-12","2016-07-12","49 days 22:34:18.387"
"CRUK Cambridge Institute","False","SLX-11330","C9EHRANXX","Lane1","SLX-11330.C9EHRANXX.s_1","Hiseq 2500","HiSeq_SE50","50","Bill","223","96.1","2016-06-06","2016-07-05","2016-07-08","2016-07-08","31 days 19:54:36.301"
"CRUK Cambridge Institute","False","SLX-11330","C9EHRANXX","Lane1","SLX-11330.C9EHRANXX.s_1","Hiseq 2500","HiSeq_SE50","50","Bill","223","96.1","2016-06-09","2016-07-05","2016-07-08","2016-07-08","28 days 18:46:34.326"
"CRUK Cambridge Institute","False","SLX-11330","C9EHRANXX","Lane2","SLX-11330.C9EHRANXX.s_2","Hiseq 2500","HiSeq_SE50","50","Bill","223","96.2","2016-06-06","2016-07-05","2016-07-08","2016-07-08","31 days 19:54:36.301"
"CRUK Cambridge Institute","False","SLX-11330","C9EHRANXX","Lane2","SLX-11330.C9EHRANXX.s_2","Hiseq 2500","HiSeq_SE50","50","Bill","223","96.2","2016-06-09","2016-07-05","2016-07-08","2016-07-08","28 days 18:46:34.326"
"CRUK Cambridge Institute","False","SLX-11330","C9EHRANXX","Lane3","SLX-11330.C9EHRANXX.s_3","Hiseq 2500","HiSeq_SE50","50","Bill","223","96.4","2016-06-06","2016-07-05","2016-07-08","2016-07-08","31 days 19:54:36.301"
"CRUK Cambridge Institute","False","SLX-11330","C9EHRANXX","Lane3","SLX-11330.C9EHRANXX.s_3","Hiseq 2500","HiSeq_SE50","50","Bill","223","96.4","2016-06-09","2016-07-05","2016-07-08","2016-07-08","28 days 18:46:34.326"
"CRUK Cambridge Institute","False","SLX-11330","C9EHRANXX","Lane4","SLX-11330.C9EHRANXX.s_4","Hiseq 2500","HiSeq_SE50","50","Bill","223","96.5","2016-06-06","2016-07-05","2016-07-08","2016-07-08","31 days 19:54:36.301"
"CRUK Cambridge Institute","False","SLX-11330","C9EHRANXX","Lane4","SLX-11330.C9EHRANXX.s_4","Hiseq 2500","HiSeq_SE50","50","Bill","223","96.5","2016-06-09","2016-07-05","2016-07-08","2016-07-08","28 days 18:46:34.326"
"CRUK Cambridge Institute","False","SLX-11330","C9EHRANXX","Lane5","SLX-11330.C9EHRANXX.s_5","Hiseq 2500","HiSeq_SE50","50","Bill","222","96.1","2016-06-06","2016-07-05","2016-07-08","2016-07-08","31 days 19:54:36.301"
"CRUK Cambridge Institute","False","SLX-11330","C9EHRANXX","Lane5","SLX-11330.C9EHRANXX.s_5","Hiseq 2500","HiSeq_SE50","50","Bill","222","96.1","2016-06-09","2016-07-05","2016-07-08","2016-07-08","28 days 18:46:34.326"
"CRUK Cambridge Institute","False","SLX-11330","C9EHRANXX","Lane6","SLX-11330.C9EHRANXX.s_6","Hiseq 2500","HiSeq_SE50","50","Bill","224","96.3","2016-06-06","2016-07-05","2016-07-08","2016-07-08","31 days 19:54:36.301"
"CRUK Cambridge Institute","False","SLX-11330","C9EHRANXX","Lane6","SLX-11330.C9EHRANXX.s_6","Hiseq 2500","HiSeq_SE50","50","Bill","224","96.3","2016-06-09","2016-07-05","2016-07-08","2016-07-08","28 days 18:46:34.326"
"CRUK Cambridge Institute","False","SLX-11330","C9EHRANXX","Lane7","SLX-11330.C9EHRANXX.s_7","Hiseq 2500","HiSeq_SE50","50","Bill","223","96.4","2016-06-06","2016-07-05","2016-07-08","2016-07-08","31 days 19:54:36.301"
"CRUK Cambridge Institute","False","SLX-11330","C9EHRANXX","Lane7","SLX-11330.C9EHRANXX.s_7","Hiseq 2500","HiSeq_SE50","50","Bill","223","96.4","2016-06-09","2016-07-05","2016-07-08","2016-07-08","28 days 18:46:34.326"
"CRUK Cambridge Institute","False","SLX-11333","C9EHRANXX","Lane8","SLX-11333.C9EHRANXX.s_8","Hiseq 2500","HiSeq_SE50","50","Bill","213","96.2","2016-06-06","2016-07-05","2016-07-08","2016-07-08","31 days 19:54:36.301"
"CRUK Cambridge Institute","False","SLX-11333","C9EHRANXX","Lane8","SLX-11333.C9EHRANXX.s_8","Hiseq 2500","HiSeq_SE50","50","Bill","213","96.2","2016-06-15","2016-07-05","2016-07-08","2016-07-08","22 days 20:11:05.65"
"Gurdon Institute","True","SLX-9291","C9FTNANXX","Lane1","SLX-9291.C9FTNANXX.s_1","Hiseq 2500","HiSeq_PE125","250","Bill","287","87.4","2016-06-17","2016-06-27","2016-07-01","2016-07-01","13 days 22:05:57.822"
"Gurdon Institute","True","SLX-9294","C9FTNANXX","Lane2","SLX-9294.C9FTNANXX.s_2","Hiseq 2500","HiSeq_PE125","250","Bill","279","89","2016-06-17","2016-06-27","2016-07-01","2016-07-01","13 days 22:05:57.822"
"Gurdon Institute","True","SLX-9296","C9FTNANXX","Lane3","SLX-9296.C9FTNANXX.s_3","Hiseq 2500","HiSeq_PE125","250","Bill","284","88","2016-06-17","2016-06-27","2016-07-01","2016-07-01","13 days 22:05:57.822"
"Stem Cell Institute","True","SLX-10874","C9FTNANXX","Lane4","SLX-10874.C9FTNANXX.s_4","Hiseq 2500","HiSeq_PE125","250","Bill","240","88.3","2016-06-16","2016-06-27","2016-07-01","2016-07-01","15 days 02:57:16.152"
"Stem Cell Institute","True","SLX-10875","C9FTNANXX","Lane5","SLX-10875.C9FTNANXX.s_5","Hiseq 2500","HiSeq_PE125","250","Bill","229","88.6","2016-06-16","2016-06-27","2016-07-01","2016-07-01","15 days 02:57:16.152"
"Stem Cell Institute","True","SLX-10882","C9FTNANXX","Lane7","SLX-10882.C9FTNANXX.s_7","Hiseq 2500","HiSeq_PE125","250","Bill","243","89.5","2016-06-21","2016-06-27","2016-07-01","2016-07-01","10 days 01:29:09.175"
"CRUK Cambridge Institute","False","SLX-11974","C9FTNANXX","Lane8","SLX-11974.C9FTNANXX.s_8","Hiseq 2500","HiSeq_PE125","250","Bill","194","96.2","2016-06-22","2016-06-27","2016-07-01","2016-07-01","9 days 01:36:42.762"
"CRUK Cambridge Institute","False","SLX-11333","C9M3MANXX","Lane1","SLX-11333.C9M3MANXX.s_1","Hiseq 2500","HiSeq_SE50","50","Bill","222","95.5","2016-06-06","2016-07-09","2016-07-15","2016-07-19","39 days 00:38:54.16"
"CRUK Cambridge Institute","False","SLX-11333","C9M3MANXX","Lane1","SLX-11333.C9M3MANXX.s_1","Hiseq 2500","HiSeq_SE50","50","Bill","222","95.5","2016-06-15","2016-07-09","2016-07-15","2016-07-19","30 days 00:55:23.509"
"CRUK Cambridge Institute","False","SLX-11333","C9M3MANXX","Lane2","SLX-11333.C9M3MANXX.s_2","Hiseq 2500","HiSeq_SE50","50","Bill","222","95.6","2016-06-06","2016-07-09","2016-07-15","2016-07-19","39 days 00:38:54.16"
"CRUK Cambridge Institute","False","SLX-11333","C9M3MANXX","Lane2","SLX-11333.C9M3MANXX.s_2","Hiseq 2500","HiSeq_SE50","50","Bill","222","95.6","2016-06-15","2016-07-09","2016-07-15","2016-07-19","30 days 00:55:23.509"
"CRUK Cambridge Institute","False","SLX-11333","C9M3MANXX","Lane3","SLX-11333.C9M3MANXX.s_3","Hiseq 2500","HiSeq_SE50","50","Bill","221","95.3","2016-06-06","2016-07-09","2016-07-15","2016-07-19","39 days 00:38:54.16"
"CRUK Cambridge Institute","False","SLX-11333","C9M3MANXX","Lane3","SLX-11333.C9M3MANXX.s_3","Hiseq 2500","HiSeq_SE50","50","Bill","221","95.3","2016-06-15","2016-07-09","2016-07-15","2016-07-19","30 days 00:55:23.509"
"CRUK Cambridge Institute","False","SLX-11333","C9M3MANXX","Lane4","SLX-11333.C9M3MANXX.s_4","Hiseq 2500","HiSeq_SE50","50","Bill","220","95.5","2016-06-06","2016-07-09","2016-07-15","2016-07-19","39 days 00:38:54.16"
"CRUK Cambridge Institute","False","SLX-11333","C9M3MANXX","Lane4","SLX-11333.C9M3MANXX.s_4","Hiseq 2500","HiSeq_SE50","50","Bill","220","95.5","2016-06-15","2016-07-09","2016-07-15","2016-07-19","30 days 00:55:23.509"
"CRUK Cambridge Institute","False","SLX-11333","C9M3MANXX","Lane5","SLX-11333.C9M3MANXX.s_5","Hiseq 2500","HiSeq_SE50","50","Bill","221","95.5","2016-06-06","2016-07-09","2016-07-15","2016-07-19","39 days 00:38:54.16"
"CRUK Cambridge Institute","False","SLX-11333","C9M3MANXX","Lane5","SLX-11333.C9M3MANXX.s_5","Hiseq 2500","HiSeq_SE50","50","Bill","221","95.5","2016-06-15","2016-07-09","2016-07-15","2016-07-19","30 days 00:55:23.509"
"CRUK Cambridge Institute","False","SLX-11333","C9M3MANXX","Lane6","SLX-11333.C9M3MANXX.s_6","Hiseq 2500","HiSeq_SE50","50","Bill","221","95.7","2016-06-06","2016-07-09","2016-07-15","2016-07-19","39 days 00:38:54.16"
"CRUK Cambridge Institute","False","SLX-11333","C9M3MANXX","Lane6","SLX-11333.C9M3MANXX.s_6","Hiseq 2500","HiSeq_SE50","50","Bill","221","95.7","2016-06-15","2016-07-09","2016-07-15","2016-07-19","30 days 00:55:23.509"
"CRUK Cambridge Institute","False","SLX-11804","C9M3MANXX","Lane7","SLX-11804.C9M3MANXX.s_7","Hiseq 2500","HiSeq_SE50","50","Bill","241","95.4","2016-06-30","2016-07-09","2016-07-15","2016-07-19","15 days 05:05:26.128"
"CRUK Cambridge Institute","False","SLX-12141","C9M3MANXX","Lane8","SLX-12141.C9M3MANXX.s_8","Hiseq 2500","HiSeq_SE50","50","Bill","272","94.5","2016-06-20","2016-07-09","2016-07-15","2016-07-19","25 days 05:26:28.276"
"CRUK Cambridge Institute","False","SLX-12141","C9M3MANXX","Lane8","SLX-12141.C9M3MANXX.s_8","Hiseq 2500","HiSeq_SE50","50","Bill","272","94.5","2016-06-30","2016-07-09","2016-07-15","2016-07-19","15 days 03:39:53.836"
"CRUK Cambridge Institute","False","SLX-8703","C9MBMANXX","Lane1","SLX-8703.C9MBMANXX.s_1","Hiseq 2500","HiSeq_SE50","50","Bill","255","","2016-06-22","2016-07-02","2016-07-05","2016-07-08","12 days 22:40:55.109"
"Stem Cell Institute","True","SLX-11098","C9MBMANXX","Lane2","SLX-11098.C9MBMANXX.s_2","Hiseq 2500","HiSeq_SE50","50","Bill","200","","2016-05-13","2016-07-02","2016-07-05","2016-07-08","52 days 23:04:07.653"
"CRUK Cambridge Institute","False","SLX-11797","C9MBMANXX","Lane5","SLX-11797.C9MBMANXX.s_5","Hiseq 2500","HiSeq_SE50","50","Bill","206","","2016-06-30","2016-07-02","2016-07-05","2016-07-08","4 days 21:46:48.02"
"CRUK Cambridge Institute","False","SLX-11798","C9MBMANXX","Lane6","SLX-11798.C9MBMANXX.s_6","Hiseq 2500","HiSeq_SE50","50","Bill","230","","2016-06-30","2016-07-02","2016-07-05","2016-07-08","4 days 21:46:48.02"
"CRUK Cambridge Institute","False","SLX-11802","C9MBMANXX","Lane7","SLX-11802.C9MBMANXX.s_7","Hiseq 2500","HiSeq_SE50","50","Bill","291","","2016-06-30","2016-07-02","2016-07-05","2016-07-08","4 days 21:46:48.02"
"CRUK Cambridge Institute","False","SLX-12141","C9MBMANXX","Lane8","SLX-12141.C9MBMANXX.s_8","Hiseq 2500","HiSeq_SE50","50","Bill","286","","2016-06-20","2016-07-02","2016-07-05","2016-07-08","14 days 22:07:50.168"
"CRUK Cambridge Institute","False","SLX-12141","C9MBMANXX","Lane8","SLX-12141.C9MBMANXX.s_8","Hiseq 2500","HiSeq_SE50","50","Bill","286","","2016-06-30","2016-07-02","2016-07-05","2016-07-08","4 days 20:21:15.728"
"Gurdon Institute","True","SLX-9959","C9MCJANXX","Lane1","SLX-9959.C9MCJANXX.s_1","Hiseq 2500","HiSeq_SE50","50","Bill","219","75.6","2016-07-05","2016-07-09","2016-07-11","2016-07-25","6 days 04:01:15.063"
"Gurdon Institute","True","SLX-9960","C9MCJANXX","Lane2","SLX-9960.C9MCJANXX.s_2","Hiseq 2500","HiSeq_SE50","50","Bill","140","92.6","2016-06-30","2016-07-09","2016-07-11","2016-07-25","10 days 20:48:18.953"
"Gurdon Institute","True","SLX-9961","C9MCJANXX","Lane3","SLX-9961.C9MCJANXX.s_3","Hiseq 2500","HiSeq_SE50","50","Bill","147","93.6","2016-06-30","2016-07-09","2016-07-11","2016-07-25","10 days 20:48:18.953"
"Gurdon Institute","True","SLX-9962","C9MCJANXX","Lane4","SLX-9962.C9MCJANXX.s_4","Hiseq 2500","HiSeq_SE50","50","Bill","114","93","2016-06-30","2016-07-09","2016-07-11","2016-07-25","10 days 20:48:18.953"
"Gurdon Institute","True","SLX-9963","C9MCJANXX","Lane5","SLX-9963.C9MCJANXX.s_5","Hiseq 2500","HiSeq_SE50","50","Bill","97","90.5","2016-06-30","2016-07-09","2016-07-11","2016-07-25","10 days 20:48:18.953"
"Gurdon Institute","True","SLX-9964","C9MCJANXX","Lane6","SLX-9964.C9MCJANXX.s_6","Hiseq 2500","HiSeq_SE50","50","Bill","111","91","2016-06-30","2016-07-09","2016-07-11","2016-07-25","10 days 20:48:18.953"
"Gurdon Institute","True","SLX-9965","C9MCJANXX","Lane7","SLX-9965.C9MCJANXX.s_7","Hiseq 2500","HiSeq_SE50","50","Bill","99","91.1","2016-06-30","2016-07-09","2016-07-11","2016-07-25","10 days 20:48:18.953"
"Gurdon Institute","True","SLX-9966","C9MCJANXX","Lane8","SLX-9966.C9MCJANXX.s_8","Hiseq 2500","HiSeq_SE50","50","Bill","92","90.2","2016-06-30","2016-07-09","2016-07-11","2016-07-25","10 days 20:48:18.953"
"CRUK Cambridge Institute","False","SLX-8698","C9MYRANXX","Lane1","SLX-8698.C9MYRANXX.s_1","Hiseq 2500","HiSeq_SE50","50","Bill","276","93.9","2016-06-21","2016-07-21","2016-07-25","2016-07-25","34 days 01:21:38.42"
"CRUK Cambridge Institute","False","SLX-8698","C9MYRANXX","Lane2","SLX-8698.C9MYRANXX.s_2","Hiseq 2500","HiSeq_SE50","50","Bill","277","94.1","2016-06-21","2016-07-21","2016-07-25","2016-07-25","34 days 01:21:38.42"
"CRUK Cambridge Institute","False","SLX-11449","C9MYRANXX","Lane3","SLX-11449.C9MYRANXX.s_3","Hiseq 2500","HiSeq_SE50","50","Bill","233","96.1","2016-07-11","2016-07-21","2016-07-25","2016-07-25","14 days 01:57:04.09"
"CRUK Cambridge Institute","False","SLX-11449","C9MYRANXX","Lane4","SLX-11449.C9MYRANXX.s_4","Hiseq 2500","HiSeq_SE50","50","Bill","234","96.2","2016-07-11","2016-07-21","2016-07-25","2016-07-25","14 days 01:57:04.09"
"CRUK Cambridge Institute","False","SLX-12141","C9MYRANXX","Lane5","SLX-12141.C9MYRANXX.s_5","Hiseq 2500","HiSeq_SE50","50","Bill","287","94.5","2016-06-20","2016-07-21","2016-07-25","2016-07-25","35 days 00:39:12.02"
"CRUK Cambridge Institute","False","SLX-12141","C9MYRANXX","Lane5","SLX-12141.C9MYRANXX.s_5","Hiseq 2500","HiSeq_SE50","50","Bill","287","94.5","2016-06-30","2016-07-21","2016-07-25","2016-07-25","24 days 22:52:37.58"
"CRUK Cambridge Institute","False","SLX-12141","C9MYRANXX","Lane6","SLX-12141.C9MYRANXX.s_6","Hiseq 2500","HiSeq_SE50","50","Bill","289","94.2","2016-06-20","2016-07-21","2016-07-25","2016-07-25","35 days 00:39:12.02"
"CRUK Cambridge Institute","False","SLX-12141","C9MYRANXX","Lane6","SLX-12141.C9MYRANXX.s_6","Hiseq 2500","HiSeq_SE50","50","Bill","289","94.2","2016-06-30","2016-07-21","2016-07-25","2016-07-25","24 days 22:52:37.58"
"CRUK Cambridge Institute","False","SLX-12141","C9MYRANXX","Lane7","SLX-12141.C9MYRANXX.s_7","Hiseq 2500","HiSeq_SE50","50","Bill","290","94.3","2016-06-20","2016-07-21","2016-07-25","2016-07-25","35 days 00:39:12.02"
"CRUK Cambridge Institute","False","SLX-12141","C9MYRANXX","Lane7","SLX-12141.C9MYRANXX.s_7","Hiseq 2500","HiSeq_SE50","50","Bill","290","94.3","2016-06-30","2016-07-21","2016-07-25","2016-07-25","24 days 22:52:37.58"
"CRUK Cambridge Institute","False","SLX-12234","C9MYRANXX","Lane8","SLX-12234.C9MYRANXX.s_8","Hiseq 2500","HiSeq_SE50","50","Bill","294","94.1","2016-07-11","2016-07-21","2016-07-25","2016-07-25","14 days 02:10:52.383"
"CRUK Cambridge Institute","False","SLX-12004","H3WYFBGXY","Lane1","SLX-12004.H3WYFBGXY.s_1","Nextseq","NextSeq_High_UpTo75","36","Bill","249","67.7","2016-06-30","2016-06-30","2016-07-01","2016-07-01","1 day 00:42:31.688"
"CRUK Cambridge Institute","False","SLX-11355","H55VHBGXY","Lane1","SLX-11355.H55VHBGXY.s_1","Nextseq","NextSeq_High_UpTo150","150","Bill","1","8.4","2016-06-29","2016-06-29","2016-07-01","2016-07-01","1 day 18:43:38.291"
"Stem Cell Institute","True","SLX-11540","HC257BBXX","Lane1","SLX-11540.HC257BBXX.s_1","Hiseq 4000","HiSeq4000_PE150","300","Bill","393","95.6","2016-07-08","2016-07-18","2016-07-19","2016-07-19","10 days 17:29:30.012"
"Stem Cell Institute","True","SLX-11541","HC257BBXX","Lane2","SLX-11541.HC257BBXX.s_2","Hiseq 4000","HiSeq4000_PE150","300","Bill","393","95.4","2016-07-08","2016-07-18","2016-07-19","2016-07-19","10 days 17:29:30.012"
"Stem Cell Institute","True","SLX-12164","HC257BBXX","Lane3","SLX-12164.HC257BBXX.s_3","Hiseq 4000","HiSeq4000_PE150","300","Bill","400","96","2016-07-11","2016-07-18","2016-07-19","2016-07-19","8 days 00:51:27.351"
"Stem Cell Institute","True","SLX-12165","HC257BBXX","Lane4","SLX-12165.HC257BBXX.s_4","Hiseq 4000","HiSeq4000_PE150","300","Bill","403","96.3","2016-07-11","2016-07-18","2016-07-19","2016-07-19","8 days 00:51:27.351"
"Stem Cell Institute","True","SLX-12166","HC257BBXX","Lane5","SLX-12166.HC257BBXX.s_5","Hiseq 4000","HiSeq4000_PE150","300","Bill","407","96.2","2016-07-11","2016-07-18","2016-07-19","2016-07-19","8 days 00:51:27.351"
"Stem Cell Institute","True","SLX-12167","HC257BBXX","Lane6","SLX-12167.HC257BBXX.s_6","Hiseq 4000","HiSeq4000_PE150","300","Bill","406","96.6","2016-07-11","2016-07-18","2016-07-19","2016-07-19","8 days 01:03:07.308"
"CRUK Cambridge Institute","False","SLX-12239","HC257BBXX","Lane7","SLX-12239.HC257BBXX.s_7","Hiseq 4000","HiSeq4000_PE150","300","Bill","400","95.3","2016-07-11","2016-07-18","2016-07-19","2016-07-19","8 days 01:01:26.004"
"CRUK Cambridge Institute","False","SLX-12240","HC257BBXX","Lane8","SLX-12240.HC257BBXX.s_8","Hiseq 4000","HiSeq4000_PE150","300","Bill","407","95.9","2016-07-11","2016-07-18","2016-07-19","2016-07-19","8 days 01:01:26.004"
"Single Cell","True","SLX-11182","HC2YWBBXX","Lane1","SLX-11182.HC2YWBBXX.s_1","Hiseq 4000","HiSeq4000_SE50","50","Bill","290","93.6","2016-06-23","2016-07-07","2016-07-08","2016-07-08","14 days 19:51:49.715"
"Single Cell","True","SLX-11436","HC2YWBBXX","Lane2","SLX-11436.HC2YWBBXX.s_2","Hiseq 4000","HiSeq4000_SE50","50","Bill","316","95.3","2016-06-27","2016-07-07","2016-07-08","2016-07-08","11 days 01:08:57.608"
"Single Cell","True","SLX-11437","HC2YWBBXX","Lane3","SLX-11437.HC2YWBBXX.s_3","Hiseq 4000","HiSeq4000_SE50","50","Bill","334","95.5","2016-06-27","2016-07-07","2016-07-08","2016-07-08","11 days 01:08:57.608"
"Single Cell","True","SLX-11438","HC2YWBBXX","Lane4","SLX-11438.HC2YWBBXX.s_4","Hiseq 4000","HiSeq4000_SE50","50","Bill","318","95.2","2016-06-27","2016-07-07","2016-07-08","2016-07-08","11 days 01:08:57.608"
"Single Cell","True","SLX-11439","HC2YWBBXX","Lane5","SLX-11439.HC2YWBBXX.s_5","Hiseq 4000","HiSeq4000_SE50","50","Bill","334","95.7","2016-06-27","2016-07-07","2016-07-08","2016-07-08","11 days 01:08:57.608"
"Single Cell","True","SLX-11443","HC2YWBBXX","Lane6","SLX-11443.HC2YWBBXX.s_6","Hiseq 4000","HiSeq4000_SE50","50","Bill","327","95.9","2016-06-24","2016-07-07","2016-07-08","2016-07-08","14 days 00:26:31.505"
"Stem Cell Institute","True","SLX-12056","HC2YWBBXX","Lane7","SLX-12056.HC2YWBBXX.s_7","Hiseq 4000","HiSeq4000_SE50","50","Bill","355","96.7","2016-06-02","2016-07-07","2016-07-08","2016-07-08","35 days 21:24:46.897"
"Stem Cell Institute","True","SLX-12169","HC2YWBBXX","Lane8","SLX-12169.HC2YWBBXX.s_8","Hiseq 4000","HiSeq4000_SE50","50","Bill","333","93.9","2016-06-24","2016-07-07","2016-07-08","2016-07-08","14 days 00:46:25.92"
"Inivata","True","SLX-11998","HCCTCAFXX","Lane1","SLX-11998.HCCTCAFXX.s_1","Nextseq","NextSeq_Mid_UpTo300","302","Bill","136","90.5","2016-06-30","2016-07-02","2016-07-05","2016-07-05","4 days 21:31:14.931"
"University of Cambridge Department of Haematology","True","SLX-11163","HCL2WBBXX","Lane1","SLX-11163.HCL2WBBXX.s_1","Hiseq 4000","HiSeq4000_PE150","300","Bill","399","96","2016-06-16","2016-06-24","2016-06-29","2016-07-15","13 days 05:04:11.424"
"Stem Cell Institute","True","SLX-11536","HCL2WBBXX","Lane2","SLX-11536.HCL2WBBXX.s_2","Hiseq 4000","HiSeq4000_PE150","300","Bill","387","95.4","2016-06-17","2016-06-24","2016-06-29","2016-07-15","12 days 05:26:38.491"
"Stem Cell Institute","True","SLX-11537","HCL2WBBXX","Lane3","SLX-11537.HCL2WBBXX.s_3","Hiseq 4000","HiSeq4000_PE150","300","Bill","386","95.4","2016-06-17","2016-06-24","2016-06-29","2016-07-15","12 days 05:26:38.491"
"Stem Cell Institute","True","SLX-11543","HCL2WBBXX","Lane4","SLX-11543.HCL2WBBXX.s_4","Hiseq 4000","HiSeq4000_PE150","300","Bill","393","95.6","2016-06-17","2016-06-24","2016-06-29","2016-07-15","12 days 05:41:50"
"Stem Cell Institute","True","SLX-11544","HCL2WBBXX","Lane5","SLX-11544.HCL2WBBXX.s_5","Hiseq 4000","HiSeq4000_PE150","300","Bill","392","95.5","2016-06-17","2016-06-24","2016-06-29","2016-07-15","12 days 05:41:50"
"CRUK Cambridge Institute","False","SLX-11788","HCL2WBBXX","Lane6","SLX-11788.HCL2WBBXX.s_6","Hiseq 4000","HiSeq4000_PE150","300","Bill","410","95.8","2016-06-14","2016-06-24","2016-06-29","2016-07-15","15 days 04:31:39.433"
"CRUK Cambridge Institute","False","SLX-11789","HCL2WBBXX","Lane7","SLX-11789.HCL2WBBXX.s_7","Hiseq 4000","HiSeq4000_PE150","300","Bill","409","95.9","2016-06-14","2016-06-24","2016-06-29","2016-07-15","15 days 00:51:26.006"
"CRUK Cambridge Institute","False","SLX-11904","HCL2WBBXX","Lane8","SLX-11904.HCL2WBBXX.s_8","Hiseq 4000","HiSeq4000_PE150","300","Bill","383","94.8","2016-06-16","2016-06-24","2016-06-29","2016-07-15","13 days 04:58:59.5"
"CRUK Cambridge Institute","False","SLX-10967","HCL5WBBXX","Lane1","SLX-10967.HCL5WBBXX.s_1","Hiseq 4000","HiSeq4000_PE150","300","Bill","391","95.1","2016-07-15","2016-07-23","2016-07-25","2016-07-25","9 days 17:42:35.977"
"Stem Cell Institute","True","SLX-11456","HCL5WBBXX","Lane2","SLX-11456.HCL5WBBXX.s_2","Hiseq 4000","HiSeq4000_PE150","300","Bill","386","95.6","2016-07-08","2016-07-23","2016-07-25","2016-07-25","16 days 16:52:01.706"
"Stem Cell Institute","True","SLX-11456","HCL5WBBXX","Lane3","SLX-11456.HCL5WBBXX.s_3","Hiseq 4000","HiSeq4000_PE150","300","Bill","387","95.6","2016-07-08","2016-07-23","2016-07-25","2016-07-25","16 days 16:52:01.706"
"Stem Cell Institute","True","SLX-11463","HCL5WBBXX","Lane4","SLX-11463.HCL5WBBXX.s_4","Hiseq 4000","HiSeq4000_PE150","300","Bill","391","95.8","2016-07-08","2016-07-23","2016-07-25","2016-07-25","16 days 16:52:01.706"
"Stem Cell Institute","True","SLX-11463","HCL5WBBXX","Lane5","SLX-11463.HCL5WBBXX.s_5","Hiseq 4000","HiSeq4000_PE150","300","Bill","387","95.6","2016-07-08","2016-07-23","2016-07-25","2016-07-25","16 days 16:52:01.706"
"Department of Veterinary Medicine","True","SLX-12181","HCL5WBBXX","Lane6","SLX-12181.HCL5WBBXX.s_6","Hiseq 4000","HiSeq4000_PE150","300","Bill","393","96.5","2016-07-14","2016-07-23","2016-07-25","2016-07-25","11 days 00:44:03.169"
"University of Cambridge Department of Haematology","True","SLX-12361","HCL5WBBXX","Lane7","SLX-12361.HCL5WBBXX.s_7","Hiseq 4000","HiSeq4000_PE150","300","Bill","381","95.3","2016-07-14","2016-07-23","2016-07-25","2016-07-25","10 days 21:39:28.726"
"University of Cambridge Department of Haematology","True","SLX-12362","HCL5WBBXX","Lane8","SLX-12362.HCL5WBBXX.s_8","Hiseq 4000","HiSeq4000_PE150","300","Bill","383","95.4","2016-07-14","2016-07-23","2016-07-25","2016-07-25","10 days 21:39:28.726"
"CRUK Cambridge Institute","False","SLX-11446","HCWFYBGXY","Lane1","SLX-11446.HCWFYBGXY.s_1","Nextseq","NextSeq_High_UpTo75","75","Bill","469","93.9","2016-07-20","2016-07-21","2016-07-22","2016-07-22","1 day 22:38:02.077"
"CRUK Cambridge Institute","False","SLX-11454","HCY7CBGXY","Lane1","SLX-11454.HCY7CBGXY.s_1","Nextseq","NextSeq_High_UpTo150","150","Bill","89","97.5","2016-07-25","2016-07-25","2016-07-25","2016-07-25","04:20:29.572"
"Institute of Metabolic Science","True","SLX-11128","HCYV3BBXX","Lane1","SLX-11128.HCYV3BBXX.s_1","Hiseq 4000","HiSeq4000_SE50","50","Bill","217","95.8","2016-06-17","2016-07-14","2016-07-15","2016-07-19","27 days 18:26:41.217"
"Stem Cell Institute","True","SLX-11263","HCYV3BBXX","Lane2","SLX-11263.HCYV3BBXX.s_2","Hiseq 4000","HiSeq4000_SE50","50","Bill","348","95.9","2016-07-11","2016-07-14","2016-07-15","2016-07-19","4 days 01:32:38.658"
"Stem Cell Institute","True","SLX-11538","HCYV3BBXX","Lane3","SLX-11538.HCYV3BBXX.s_3","Hiseq 4000","HiSeq4000_SE50","50","Bill","366","97.1","2016-07-11","2016-07-14","2016-07-15","2016-07-19","4 days 01:19:10.733"
"Stem Cell Institute","True","SLX-11539","HCYV3BBXX","Lane4","SLX-11539.HCYV3BBXX.s_4","Hiseq 4000","HiSeq4000_SE50","50","Bill","357","96.8","2016-07-11","2016-07-14","2016-07-15","2016-07-19","4 days 01:19:10.733"
"University of Cambridge Department of Obstetrics and Gynaecology","True","SLX-11757","HCYV3BBXX","Lane5","SLX-11757.HCYV3BBXX.s_5","Hiseq 4000","HiSeq4000_SE50","50","Bill","426","98.4","2016-07-08","2016-07-14","2016-07-15","2016-07-19","6 days 18:05:45.116"
"University of Cambridge Department of Obstetrics and Gynaecology","True","SLX-11758","HCYV3BBXX","Lane6","SLX-11758.HCYV3BBXX.s_6","Hiseq 4000","HiSeq4000_SE50","50","Bill","426","98.4","2016-07-08","2016-07-14","2016-07-15","2016-07-19","6 days 18:05:45.116"
"MRC Cancer Unit University of Cambridge","True","SLX-11910","HCYV3BBXX","Lane7","SLX-11910.HCYV3BBXX.s_7","Hiseq 4000","HiSeq4000_SE50","50","Bill","359","96.5","2016-07-11","2016-07-14","2016-07-15","2016-07-19","4 days 01:04:30.79"
"MRC Single Cell","True","SLX-12100","HCYV3BBXX","Lane8","SLX-12100.HCYV3BBXX.s_8","Hiseq 4000","HiSeq4000_SE50","50","Bill","313","93.9","2016-06-29","2016-07-14","2016-07-15","2016-07-19","15 days 19:47:01.362"
"Single Cell","True","SLX-11181","HCYVFBBXX","Lane3","SLX-11181.HCYVFBBXX.s_3","Hiseq 4000","HiSeq4000_SE50","50","Bill","297","94.8","2016-06-23","2016-06-30","2016-07-01","2016-07-01","7 days 17:32:40.601"
"Single Cell","True","SLX-11183","HCYVFBBXX","Lane5","SLX-11183.HCYVFBBXX.s_5","Hiseq 4000","HiSeq4000_SE50","50","Bill","292","94.9","2016-06-23","2016-06-30","2016-07-01","2016-07-01","7 days 17:32:40.601"
"CRUK Cambridge Institute","False","SLX-11880","HCYVFBBXX","Lane7","SLX-11880.HCYVFBBXX.s_7","Hiseq 4000","HiSeq4000_SE50","50","Bill","393","98.2","2016-06-23","2016-06-30","2016-07-01","2016-07-01","7 days 17:53:43.916"
"Single Cell","True","SLX-11184","HCYVFBBXX","Lane8","SLX-11184.HCYVFBBXX.s_8","Hiseq 4000","HiSeq4000_SE50","50","Bill","308","95.3","2016-06-23","2016-06-30","2016-07-01","2016-07-01","7 days 17:32:40.601"
"MRC Laboratory of Molecular Biology","True","SLX-9845","HF22JBBXX","Lane1","SLX-9845.HF22JBBXX.s_1","Hiseq 4000","HiSeq4000_PE150","300","Bill","384","79.7","2016-06-28","2016-07-15","2016-07-19","2016-07-20","21 days 02:12:37.367"
"CRUK Cambridge Institute","False","SLX-10973","HF22JBBXX","Lane2","SLX-10973.HF22JBBXX.s_2","Hiseq 4000","HiSeq4000_PE150","300","Bill","420","96.2","2016-07-11","2016-07-15","2016-07-19","2016-07-20","8 days 01:46:33.376"
"Institute of Metabolic Science","True","SLX-11127","HF22JBBXX","Lane3","SLX-11127.HF22JBBXX.s_3","Hiseq 4000","HiSeq4000_PE150","300","Bill","241","95.3","2016-07-01","2016-07-15","2016-07-19","2016-07-20","17 days 19:13:52.803"
"Institute of Metabolic Science","True","SLX-11131","HF22JBBXX","Lane4","SLX-11131.HF22JBBXX.s_4","Hiseq 4000","HiSeq4000_PE150","300","Bill","254","94.4","2016-07-01","2016-07-15","2016-07-19","2016-07-20","17 days 19:13:52.803"
"Institute of Metabolic Science","True","SLX-11132","HF22JBBXX","Lane5","SLX-11132.HF22JBBXX.s_5","Hiseq 4000","HiSeq4000_PE150","300","Bill","240","94.5","2016-06-23","2016-07-15","2016-07-19","2016-07-20","25 days 21:16:03.186"
"CRUK Cambridge Institute","False","SLX-11793","HF22JBBXX","Lane6","SLX-11793.HF22JBBXX.s_6","Hiseq 4000","HiSeq4000_PE150","300","Bill","423","96","2016-07-05","2016-07-15","2016-07-19","2016-07-20","13 days 23:31:40.936"
"CRUK Cambridge Institute","False","SLX-11849","HF22JBBXX","Lane7","SLX-11849.HF22JBBXX.s_7","Hiseq 4000","HiSeq4000_PE150","300","Bill","417","89.7","2016-06-20","2016-07-15","2016-07-19","2016-07-20","28 days 20:16:18.265"
"Stem Cell Institute","True","SLX-12162","HF22JBBXX","Lane8","SLX-12162.HF22JBBXX.s_8","Hiseq 4000","HiSeq4000_PE150","300","Bill","401","96.9","2016-06-24","2016-07-15","2016-07-19","2016-07-20","24 days 22:49:57.594"
"Institute of Metabolic Science","True","SLX-11125","HF2WJBBXX","Lane1","SLX-11125.HF2WJBBXX.s_1","Hiseq 4000","HiSeq4000_PE150","300","Bill","308","","2016-06-24","2016-07-03","2016-07-05","2016-07-05","10 days 21:11:24.432"
"Institute of Metabolic Science","True","SLX-11133","HF2WJBBXX","Lane2","SLX-11133.HF2WJBBXX.s_2","Hiseq 4000","HiSeq4000_PE150","300","Bill","327","","2016-06-24","2016-07-03","2016-07-05","2016-07-05","10 days 21:11:24.432"
"Institute of Metabolic Science","True","SLX-11288","HF2WJBBXX","Lane5","SLX-11288.HF2WJBBXX.s_5","Hiseq 4000","HiSeq4000_PE150","300","Bill","256","","2016-04-13","2016-07-03","2016-07-05","2016-07-05","82 days 19:32:54.215"
"CRUK Cambridge Institute","False","SLX-11346","HF2WJBBXX","Lane6","SLX-11346.HF2WJBBXX.s_6","Hiseq 4000","HiSeq4000_PE150","300","Bill","419","","2016-06-20","2016-07-03","2016-07-05","2016-07-05","14 days 23:49:31.666"
"University of Cambridge Department of Haematology","True","SLX-11598","HF2WJBBXX","Lane7","SLX-11598.HF2WJBBXX.s_7","Hiseq 4000","HiSeq4000_PE150","300","Bill","398","","2016-06-21","2016-07-03","2016-07-05","2016-07-05","14 days 00:06:40.015"
"CRUK Cambridge Institute","False","SLX-11848","HF2WJBBXX","Lane8","SLX-11848.HF2WJBBXX.s_8","Hiseq 4000","HiSeq4000_PE150","300","Bill","383","","2016-06-20","2016-07-03","2016-07-05","2016-07-05","14 days 22:19:07.631"
"Inivata","True","SLX-11996","HF3T5AFXX","Lane1","SLX-11996.HF3T5AFXX.s_1","Nextseq","NextSeq_Mid_UpTo300","302","Bill","147","87.9","2016-07-08","2016-07-09","2016-07-19","2016-07-19","11 days 05:16:49.916"
"Inivata","True","SLX-12281","HF7N2AFXX","Lane1","SLX-12281.HF7N2AFXX.s_1","Nextseq","NextSeq_Mid_UpTo300","302","Bill","144","89.3","2016-07-15","2016-07-16","2016-07-19","2016-07-19","4 days 01:23:42.206"
"Inivata","True","SLX-12282","HFC3MAFXX","Lane1","SLX-12282.HFC3MAFXX.s_1","Nextseq","NextSeq_Mid_UpTo300","302","Bill","144","85.7","2016-07-22","2016-07-23","2016-07-25","2016-07-25","2 days 20:56:49.875"
"MRC Cancer Unit University of Cambridge","True","SLX-10722","HFCCCBBXX","Lane1","SLX-10722.HFCCCBBXX.s_1","Hiseq 4000","HiSeq4000_SE50","50","Bill","400","97.9","2016-07-11","2016-07-16","2016-07-19","2016-07-19","7 days 21:11:52.931"
"Institute of Metabolic Science","True","SLX-11124","HFCCCBBXX","Lane2","SLX-11124.HFCCCBBXX.s_2","Hiseq 4000","HiSeq4000_SE50","50","Bill","403","97.9","2016-07-11","2016-07-16","2016-07-19","2016-07-19","8 days 01:03:07.267"
"Institute of Metabolic Science","True","SLX-11124","HFCCCBBXX","Lane3","SLX-11124.HFCCCBBXX.s_3","Hiseq 4000","HiSeq4000_SE50","50","Bill","409","98.5","2016-07-11","2016-07-16","2016-07-19","2016-07-19","8 days 01:03:07.267"
"Institute of Metabolic Science","True","SLX-11124","HFCCCBBXX","Lane4","SLX-11124.HFCCCBBXX.s_4","Hiseq 4000","HiSeq4000_SE50","50","Bill","399","97.9","2016-07-11","2016-07-16","2016-07-19","2016-07-19","8 days 01:03:07.267"
"Institute of Metabolic Science","True","SLX-11126","HFCCCBBXX","Lane5","SLX-11126.HFCCCBBXX.s_5","Hiseq 4000","HiSeq4000_SE50","50","Bill","401","97.9","2016-07-11","2016-07-16","2016-07-19","2016-07-19","8 days 01:03:07.267"
"Institute of Metabolic Science","True","SLX-11126","HFCCCBBXX","Lane6","SLX-11126.HFCCCBBXX.s_6","Hiseq 4000","HiSeq4000_SE50","50","Bill","396","97.8","2016-07-11","2016-07-16","2016-07-19","2016-07-19","8 days 01:03:07.267"
"Institute of Metabolic Science","True","SLX-11126","HFCCCBBXX","Lane7","SLX-11126.HFCCCBBXX.s_7","Hiseq 4000","HiSeq4000_SE50","50","Bill","399","97.9","2016-07-11","2016-07-16","2016-07-19","2016-07-19","8 days 01:03:07.267"
"CRUK Cambridge Institute","False","SLX-12131","HFCCCBBXX","Lane8","SLX-12131.HFCCCBBXX.s_8","Hiseq 4000","HiSeq4000_SE50","50","Bill","363","98.6","2016-07-01","2016-07-16","2016-07-19","2016-07-19","18 days 01:04:10.418"
"Gurdon Institute","True","SLX-9967","HFCJ3BBXX","Lane1","SLX-9967.HFCJ3BBXX.s_1","Hiseq 4000","HiSeq4000_SE50","50","Bill","263","94.5","2016-06-30","2016-07-14","2016-07-15","2016-07-15","14 days 18:32:55.088"
"MRC Laboratory of Molecular Biology","True","SLX-9984","HFCJ3BBXX","Lane2","SLX-9984.HFCJ3BBXX.s_2","Hiseq 4000","HiSeq4000_SE50","50","Bill","403","98.1","2016-07-01","2016-07-14","2016-07-15","2016-07-15","13 days 23:39:16.907"
"MRC Laboratory of Molecular Biology","True","SLX-9986","HFCJ3BBXX","Lane3","SLX-9986.HFCJ3BBXX.s_3","Hiseq 4000","HiSeq4000_SE50","50","Bill","387","97.5","2016-07-01","2016-07-14","2016-07-15","2016-07-15","13 days 23:39:16.907"
"Stem Cell Institute","True","SLX-11545","HFCJ3BBXX","Lane4","SLX-11545.HFCJ3BBXX.s_4","Hiseq 4000","HiSeq4000_SE50","50","Bill","376","96.7","2016-06-29","2016-07-14","2016-07-15","2016-07-15","15 days 20:30:18.498"
"Stem Cell Institute","True","SLX-11555","HFCJ3BBXX","Lane5","SLX-11555.HFCJ3BBXX.s_5","Hiseq 4000","HiSeq4000_SE50","50","Bill","380","97.3","2016-06-29","2016-07-14","2016-07-15","2016-07-15","15 days 20:30:18.498"
"CRUK Cambridge Institute","False","SLX-11692","HFCJ3BBXX","Lane6","SLX-11692.HFCJ3BBXX.s_6","Hiseq 4000","HiSeq4000_SE50","50","Bill","374","97.1","2016-07-04","2016-07-14","2016-07-15","2016-07-15","10 days 20:11:07.345"
"CRUK Cambridge Institute","False","SLX-11692","HFCJ3BBXX","Lane7","SLX-11692.HFCJ3BBXX.s_7","Hiseq 4000","HiSeq4000_SE50","50","Bill","369","97","2016-07-04","2016-07-14","2016-07-15","2016-07-15","10 days 20:11:07.345"
"CRUK Cambridge Institute","False","SLX-12236","HFCJ3BBXX","Lane8","SLX-12236.HFCJ3BBXX.s_8","Hiseq 4000","HiSeq4000_SE50","50","Bill","373","97.1","2016-07-05","2016-07-14","2016-07-15","2016-07-15","10 days 01:35:39.327"
"CRUK Cambridge Institute","False","SLX-12173","HFGM2BGXY","Lane1","SLX-12173.HFGM2BGXY.s_1","Nextseq","NextSeq_High_UpTo150","150","Bill","332","95.1","2016-07-11","2016-07-12","2016-07-12","2016-07-12","1 day 04:19:36.557"
"MRC Cancer Unit University of Cambridge","True","SLX-10722","HFMC7BBXX","Lane1","SLX-10722.HFMC7BBXX.s_1","Hiseq 4000","HiSeq4000_SE50","50","Bill","396","97.9","2016-07-11","2016-07-26","2016-07-29","2016-07-29","17 days 20:26:43.371"
"MRC Cancer Unit University of Cambridge","True","SLX-10722","HFMC7BBXX","Lane2","SLX-10722.HFMC7BBXX.s_2","Hiseq 4000","HiSeq4000_SE50","50","Bill","396","97.9","2016-07-11","2016-07-26","2016-07-29","2016-07-29","17 days 20:26:43.371"
"MRC Cancer Unit University of Cambridge","True","SLX-10722","HFMC7BBXX","Lane3","SLX-10722.HFMC7BBXX.s_3","Hiseq 4000","HiSeq4000_SE50","50","Bill","395","97.9","2016-07-11","2016-07-26","2016-07-29","2016-07-29","17 days 20:26:43.371"
"MRC Cancer Unit University of Cambridge","True","SLX-10722","HFMC7BBXX","Lane4","SLX-10722.HFMC7BBXX.s_4","Hiseq 4000","HiSeq4000_SE50","50","Bill","391","98","2016-07-11","2016-07-26","2016-07-29","2016-07-29","17 days 20:26:43.371"
"MRC Cancer Unit University of Cambridge","True","SLX-10722","HFMC7BBXX","Lane5","SLX-10722.HFMC7BBXX.s_5","Hiseq 4000","HiSeq4000_SE50","50","Bill","386","98","2016-07-11","2016-07-26","2016-07-29","2016-07-29","17 days 20:26:43.371"
"MRC Cancer Unit University of Cambridge","True","SLX-10722","HFMC7BBXX","Lane6","SLX-10722.HFMC7BBXX.s_6","Hiseq 4000","HiSeq4000_SE50","50","Bill","402","97.9","2016-07-11","2016-07-26","2016-07-29","2016-07-29","17 days 20:26:43.371"
"MRC Cancer Unit University of Cambridge","True","SLX-10722","HFMC7BBXX","Lane7","SLX-10722.HFMC7BBXX.s_7","Hiseq 4000","HiSeq4000_SE50","50","Bill","390","98","2016-07-11","2016-07-26","2016-07-29","2016-07-29","17 days 20:26:43.371"
"MRC Cancer Unit University of Cambridge","True","SLX-10722","HFMC7BBXX","Lane8","SLX-10722.HFMC7BBXX.s_8","Hiseq 4000","HiSeq4000_SE50","50","Bill","398","98","2016-07-11","2016-07-26","2016-07-29","2016-07-29","17 days 20:26:43.371"
"Stem Cell Institute","True","SLX-12042","HFMNLBBXX","Lane1","SLX-12042.HFMNLBBXX.s_1","Hiseq 4000","HiSeq4000_SE50","50","Bill","401","98.2","2016-07-21","2016-07-27","2016-07-29","2016-07-29","7 days 22:18:11.758"
"Stem Cell Institute","True","SLX-12042","HFMNLBBXX","Lane2","SLX-12042.HFMNLBBXX.s_2","Hiseq 4000","HiSeq4000_SE50","50","Bill","414","98.2","2016-07-21","2016-07-27","2016-07-29","2016-07-29","7 days 22:18:11.758"
"Stem Cell Institute","True","SLX-11144","HFMNLBBXX","Lane3","SLX-11144.HFMNLBBXX.s_3","Hiseq 4000","HiSeq4000_SE50","50","Bill","410","98.3","2016-07-13","2016-07-27","2016-07-29","2016-07-29","15 days 23:51:24.885"
"Stem Cell Institute","True","SLX-11145","HFMNLBBXX","Lane4","SLX-11145.HFMNLBBXX.s_4","Hiseq 4000","HiSeq4000_SE50","50","Bill","418","98.6","2016-07-13","2016-07-27","2016-07-29","2016-07-29","15 days 23:51:24.885"
"Stem Cell Institute","True","SLX-11148","HFMNLBBXX","Lane5","SLX-11148.HFMNLBBXX.s_5","Hiseq 4000","HiSeq4000_SE50","50","Bill","415","98.6","2016-07-13","2016-07-27","2016-07-29","2016-07-29","15 days 23:51:24.885"
"CRUK Cambridge Institute","False","SLX-12143","HFMNLBBXX","Lane6","SLX-12143.HFMNLBBXX.s_6","Hiseq 4000","HiSeq4000_SE50","50","Bill","383","97.4","2016-06-28","2016-07-27","2016-07-29","2016-07-29","30 days 16:20:36.033"
"CRUK Cambridge Institute","False","SLX-12143","HFMNLBBXX","Lane6","SLX-12143.HFMNLBBXX.s_6","Hiseq 4000","HiSeq4000_SE50","50","Bill","383","97.4","2016-07-13","2016-07-27","2016-07-29","2016-07-29","15 days 16:24:40.08"
"Cambridge Institute for Medical Research","True","SLX-12229","HFMNLBBXX","Lane7","SLX-12229.HFMNLBBXX.s_7","Hiseq 4000","HiSeq4000_SE50","50","Bill","278","94.4","2016-07-18","2016-07-27","2016-07-29","2016-07-29","11 days 00:16:38.514"
"Stem Cell Institute","True","SLX-12146","HFMNLBBXX","Lane8","SLX-12146.HFMNLBBXX.s_8","Hiseq 4000","HiSeq4000_SE50","50","Bill","403","97.4","2016-07-25","2016-07-27","2016-07-29","2016-07-29","3 days 19:48:20.981"
"CRUK Cambridge Institute","False","SLX-11447","HFWYVBGXY","Lane1","SLX-11447.HFWYVBGXY.s_1","Nextseq","NextSeq_High_UpTo75","75","Bill","0","26.9","2016-07-21","2016-07-22","2016-07-25","2016-07-25","3 days 19:26:12.754"
"CRUK Cambridge Institute","False","SLX-12174","HG237BGXY","Lane1","SLX-12174.HG237BGXY.s_1","Nextseq","NextSeq_High_UpTo150","150","Bill","403","94.5","2016-07-01","2016-07-01","2016-07-05","2016-07-05","3 days 22:49:13.006"
"University of Cambridge Department of Clinical Neurosciences","True","SLX-9230","000000000-AR2A2","Lane1","SLX-9230.000000000-AR2A2.s_1","Miseq","MiSeq_UpTo600","600","Do not bill","15","55.3","2016-06-13","2016-06-15","2016-06-17","2016-07-05","3 days 23:38:50.469"
"CRUK Cambridge Institute","False","SLX-11815","C93G6ANXX","Lane5","SLX-11815.C93G6ANXX.s_5","Hiseq 2500","HiSeq_PE125","250","Do not bill","159","94.7","2016-07-11","2016-07-18","2016-07-20","2016-07-22","8 days 22:46:59.626"
"CRUK Cambridge Institute","False","SLX-11136","C93GDANXX","Lane1","SLX-11136.C93GDANXX.s_1","Hiseq 2500","HiSeq_PE125","250","Do not bill","239","94.3","2016-06-28","2016-07-11","2016-07-12","2016-07-12","13 days 18:53:00.705"
"CRUK Cambridge Institute","False","SLX-11136","C93GDANXX","Lane2","SLX-11136.C93GDANXX.s_2","Hiseq 2500","HiSeq_PE125","250","Do not bill","239","94.3","2016-06-28","2016-07-11","2016-07-12","2016-07-12","13 days 18:53:00.705"
"Stem Cell Institute","True","SLX-10881","C9FTNANXX","Lane6","SLX-10881.C9FTNANXX.s_6","Hiseq 2500","HiSeq_PE125","250","Do not bill","247","89","2016-06-21","2016-06-27","2016-07-01","2016-07-01","10 days 01:29:09.175"
"CRUK Cambridge Institute","False","SLX-11136","C9MBMANXX","Lane3","SLX-11136.C9MBMANXX.s_3","Hiseq 2500","HiSeq_SE50","50","Do not bill","202","","2016-06-28","2016-07-02","2016-07-05","2016-07-08","6 days 19:02:55.823"
"CRUK Cambridge Institute","False","SLX-11136","C9MBMANXX","Lane4","SLX-11136.C9MBMANXX.s_4","Hiseq 2500","HiSeq_SE50","50","Do not bill","202","","2016-06-28","2016-07-02","2016-07-05","2016-07-08","6 days 19:02:55.823"
"CRUK Cambridge Institute","False","SLX-11136","HCYVFBBXX","Lane1","SLX-11136.HCYVFBBXX.s_1","Hiseq 4000","HiSeq4000_SE50","50","Do not bill","376","97.6","2016-06-28","2016-06-30","2016-07-01","2016-07-01","2 days 20:45:38.415"
"CRUK Cambridge Institute","False","SLX-11136","HCYVFBBXX","Lane2","SLX-11136.HCYVFBBXX.s_2","Hiseq 4000","HiSeq4000_SE50","50","Do not bill","400","98","2016-06-28","2016-06-30","2016-07-01","2016-07-01","2 days 20:45:38.415"
"Single Cell","True","SLX-11182","HCYVFBBXX","Lane4","SLX-11182.HCYVFBBXX.s_4","Hiseq 4000","HiSeq4000_SE50","50","Do not bill","0","5.3","2016-06-23","2016-06-30","2016-07-01","2016-07-01","7 days 17:32:40.601"
"CRUK Cambridge Institute","False","SLX-11498","HCYVFBBXX","Lane6","SLX-11498.HCYVFBBXX.s_6","Hiseq 4000","HiSeq4000_SE50","50","Do not bill","408","98.2","2016-06-24","2016-06-30","2016-07-01","2016-07-01","6 days 18:30:41.43"
"CRUK Cambridge Institute","False","SLX-11136","HF2WJBBXX","Lane3","SLX-11136.HF2WJBBXX.s_3","Hiseq 4000","HiSeq4000_PE150","300","Do not bill","391","","2016-06-28","2016-07-03","2016-07-05","2016-07-05","6 days 23:04:48.558"
"CRUK Cambridge Institute","False","SLX-11136","HF2WJBBXX","Lane4","SLX-11136.HF2WJBBXX.s_4","Hiseq 4000","HiSeq4000_PE150","300","Do not bill","401","","2016-06-28","2016-07-03","2016-07-05","2016-07-05","6 days 23:04:48.558"
